<?xml version="1.0" encoding="utf-8"?>
<extension version="3.0" type="tz_portfolio_plus-plugin" group="mediatype" method="upgrade">
    <name>plg_mediatype_video</name>
    <author>DuongTVTemPlaza</author>
    <creationDate>October 06th 2015</creationDate>
    <copyright>Copyright (C) 2015 TemPlaza. All rights reserved.</copyright>
    <license>GNU/GPL v2 or later http://www.gnu.org/licenses/gpl-2.0.html</license>
    <authorEmail>support@templaza.com</authorEmail>
    <authorUrl>www.templaza.com/</authorUrl>
    <version>1.0.0</version>
    <description>PLG_MEDIATYPE_VIDEO_IMAGE_XML_DESCRIPTION</description>

    <files>
        <filename plugin="video">video.php</filename>
        <filename>index.html</filename>
        <folder>admin</folder>
        <folder>js</folder>
        <folder>language</folder>
        <folder>models</folder>
        <folder>modules</folder>
        <folder>tmpl</folder>
        <folder>views</folder>
    </files>

    <config>
        <fields name="params" addfieldpath="administrator/components/com_tz_portfolio_plus/models/fields">
            <!-- Parameters for back-end -->
            <fieldset name="basic">
                <field type="text" name="video_thumbnail_file_size"
                       default="10"
                       label="PLG_MEDIATYPE_VIDEO_THUMBNAIL_FILE_SIZE_LABEL"
                       description="PLG_MEDIATYPE_VIDEO_THUMBNAIL_FILE_SIZE_DESC"/>
                <field type="text" name="video_thumbnail_file_type"
                       default="bmp,gif,jpg,jpeg,png,BMP,GIF,JPG,JPEG,PNG"
                       label="PLG_MEDIATYPE_VIDEO_THUMBNAIL_FILE_TYPES_LABEL"
                       description="PLG_MEDIATYPE_VIDEO_THUMBNAIL_FILE_TYPES_DESC"/>
                <field type="text" name="video_thumbnail_mime_type"
                       default="image/jpeg,image/gif,image/png,image/bmp"
                       label="PLG_MEDIATYPE_VIDEO_THUMBNAIL_LEGAL_MIME_TYPE_LABEL"
                       description="PLG_MEDIATYPE_VIDEO_THUMBNAIL_LEGAL_MIME_TYPE_DESC"/>
                <field type="tzmultiplefield" name="video_thumbnail_size"
                       default='{"title":"XSmall","width":"100","image_name_prefix":"xs"},{"title":"Small","width":"200","image_name_prefix":"s"},{"title":"Medium","width":"400","image_name_prefix":"m"},{"title":"Large","width":"600","image_name_prefix":"l"},{"title":"XLarge","width":"900","image_name_prefix":"xl"}'
                       label="PLG_MEDIATYPE_VIDEO_THUMBNAIL_SIZE_LABEL">
                    <field type="text" name="title" table_required="true"
                           field_required="true"
                           label="PLG_MEDIATYPE_VIDEO_TITLE_LABEL"/>
                    <field type="text" name="width" table_required="true"
                           field_required="true"
                           label="PLG_MEDIATYPE_VIDEO_WIDTH_LABEL"/>
                    <field type="text" name="image_name_prefix" table_required="true"
                           field_required="true" value_validate="o"
                           label="PLG_MEDIATYPE_VIDEO_NAME_PREFIX"/>
                </field>
            </fieldset>
            <!-- End parameters for back-end -->

            <!-- Parameters for front-end -->
            <fieldset name="front_end"
                      label="PLG_MEDIATYPE_VIDEO_FRONT_END_FIELDSET_LABEL"
                      description="PLG_MEDIATYPE_VIDEO_CONFIG_SETTINGS_DESC">
                <field type="radio" name="mt_video_switcher"
                       default="thumbnail" class="btn-group"
                       label="PLG_MEDIATYPE_VIDEO_SWITCHER_LABEL">
                    <option value="thumbnail">PLG_MEDIATYPE_VIDEO_THUMBNAIL_LABEL</option>
                    <option value="video">PLG_MEDIATYPE_VIDEO_TITLE</option>
                </field>
                <field type="radio" name="mt_video_enable_fluidvid"
                       class="btn-group" default="1"
                       label="PLG_MEDIATYPE_VIDEO_ENABLE_FLUIDVID_SCRIPT_LABEL">
                    <option value="0">JNO</option>
                    <option value="1">JYES</option>
                </field>

                <!-- Start feed options -->
                <field type="radio" name="mt_video_show_feed_image"
                       class="btn-group" default="1"
                       label="PLG_MEDIATYPE_VIDEO_SHOW_FEED_THUMBNAIL_LABEL">
                    <option value="0">JHIDE</option>
                    <option value="1">JSHOW</option>
                </field>
                <field type="tzimagesizelist" name="mt_video_feed_size"
                       addon="video"
                       addon_group="mediatype"
                       param_name="video_thumbnail_size"
                       param_text="title"
                       param_value="image_name_prefix"
                       label="PLG_MEDIATYPE_VIDEO_FEED_SIZE_LABEL">
                    <option value="o">PLG_MEDIATYPE_VIDEO_ORIGINAL</option>
                </field>
                <!-- End feed options -->

                <!-- Start article options in category listings -->
                <field type="spacer" hr="true"/>
                <field type="spacer" name="spacer_video_article_category_listing_name"
                       class="alert alert-warning btn-block"
                       label="COM_TZ_PORTFOLIO_PLUS_SPACER_ARTICLE_OPTIONS_IN_CATEGORY_LISTINGS"/>
                <field type="tzimagesizelist" name="mt_video_thumbnail_size"
                       addon="video"
                       addon_group="mediatype"
                       param_name="video_thumbnail_size"
                       param_text="title"
                       param_value="image_name_prefix"
                       label="PLG_MEDIATYPE_VIDEO_SIZE_LABEL">
                    <option value="o">PLG_MEDIATYPE_VIDEO_ORIGINAL</option>
                </field>
                <field type="radio" name="mt_cat_video_autoplay"
                       class="btn-group" default="0"
                       label="PLG_MEDIATYPE_VIDEO_AUTOPLAY_LABEL">
                    <option value="0">JNO</option>
                    <option value="1">JYES</option>
                </field>
                <field type="text" name="mt_cat_video_width"
                       label="PLG_MEDIATYPE_VIDEO_VIDEO_WIDTH_LABEL"/>
                <field type="text" name="mt_cat_video_height"
                       label="PLG_MEDIATYPE_VIDEO_VIDEO_HEIGHT_LABEL"/>
                <!-- End article options in category listings -->

                <!-- Start article view options -->
                <field type="spacer" hr="true"/>
                <field type="spacer" name="spacer_image_article_name"
                       class="alert alert-warning btn-block"
                       label="COM_TZ_PORTFOLIO_PLUS_ATTRIBS_FIELDSET_LABEL"/>
                <field type="radio" name="mt_video_autoplay"
                       default="0" class="btn-group"
                       label="PLG_MEDIATYPE_VIDEO_AUTOPLAY_LABEL">
                    <option value="0">JNO</option>
                    <option value="1">JYES</option>
                </field>
                <field type="text" name="mt_video_width"
                       label="PLG_MEDIATYPE_VIDEO_VIDEO_WIDTH_LABEL"/>
                <field type="text" name="mediatype_video_height"
                       label="PLG_MEDIATYPE_VIDEO_VIDEO_HEIGHT_LABEL"/>

                <!-- Start related options -->
                <field type="radio" name="mt_video_related_show_thumbnail"
                       class="btn-group" default="1"
                       label="PLG_MEDIATYPE_VIDEO_RELATED_SHOW_THUMBNAIL_LABEL">
                    <option value="0">JHIDE</option>
                    <option value="1">JSHOW</option>
                </field>
                <field type="tzimagesizelist" name="mt_video_related_thumb_size"
                       addon="video"
                       addon_group="mediatype"
                       param_name="video_thumbnail_size"
                       param_text="title"
                       param_value="image_name_prefix"
                       label="PLG_MEDIATYPE_VIDEO_RELATED_THUMBNAIL_SIZE_LABEL">
                    <option value="o">PLG_MEDIATYPE_VIDEO_ORIGINAL</option>
                </field>
                <!-- End related options -->
                <!-- End article view options -->
            </fieldset>
            <!-- End parameters for front-end -->
        </fields>
    </config>
</extension>