<?xml version="1.0" encoding="utf-8"?>
<extension version="3.0" type="tz_portfolio_plus-plugin" group="content" method="upgrade">
    <name>plg_content_googlemap</name>
    <author>ThuongNVTemPlaza</author>
    <creationDate>March, 17th 2016</creationDate>
    <copyright>Copyright (C) 2015 Open Source Matters. All rights reserved.</copyright>
    <license>GNU General Public License version 2 or later; see LICENSE.txt</license>
    <authorEmail>support@templaza.com</authorEmail>
    <authorUrl>www.templaza.com</authorUrl>
    <version>1.0.0</version>
    <description>PLG_CONTENT_GOOGLEMAP_XML_DESCRIPTION</description>
    <files>
        <filename plugin="googlemap">googlemap.php</filename>
        <filename>controller.php</filename>
        <filename>index.html</filename>
        <filename>controller.php</filename>
        <folder>admin</folder>
        <folder>language</folder>
        <folder>models</folder>
        <folder>views</folder>
    </files>

    <config>
        <fields name="params">
            <fieldset name="basic">
                <!-- Start article options -->
                <field name="show_map" type="radio" label="COM_TZ_PORTFOLIO_PLUS_SHOW_MAP_LABEL" class="btn-group" default="1">
                    <option value="0">JNO</option>
                    <option value="1">JYES</option>
                </field>
                <field type="spacer" name="spacer_article_name"
                       class="alert alert-warning btn-block"
                       label="COM_TZ_PORTFOLIO_PLUS_ATTRIBS_FIELDSET_LABEL" />
                <field name="color" type="color" filter="safehtml" label="MOD_TZ_STYLE_COLOR_LABEL"/>
                <field name="mapcenter" type="text" filter="safehtml" label="MOD_TZ_MAP_CENTER_LABEL"
                       default="40.693996,-73.9854848"/>
                <field name="height_map" type="text" label="MOD_TZ_MAP_HEIGHT_LABEL"
                       default="450px"/>
                <field name="zoom_map" type="text" label="MOD_TZ_MAP_ZOOM_LABEL"
                       default="10"/>
                <field name="scroll_wheel" type="radio" label="MOD_TZ_MAP_SCROLL_WHEEL_LABEL" class="btn-group"
                       default="0" description="MOD_TZ_MAP_SCROLL_WHEEL_DESC">
                    <option value="0">JNO</option>
                    <option value="1">JYES</option>
                </field>
                <field name="draggable" type="radio" label="MOD_TZ_MAP_DRAGGED_LABEL" class="btn-group"
                       default="1" description="MOD_TZ_MAP_DRAGGED_DESC">
                    <option value="0">JNO</option>
                    <option value="1">JYES</option>
                </field>
                <!-- End article options -->
            </fieldset>
        </fields>
    </config>
</extension>
