<?xml version="1.0" encoding="utf-8"?>
<extension version="3.0" type="tz_portfolio_plus-plugin" group="mediatype" method="upgrade">
    <name>plg_mediatype_audio</name>
    <author>DuongTVTemPlaza</author>
    <creationDate>October 06th 2015</creationDate>
    <copyright>Copyright (C) 2015 TemPlaza. All rights reserved.</copyright>
    <license>GNU/GPL v2 or later http://www.gnu.org/licenses/gpl-2.0.html</license>
    <authorEmail>support@templaza.com</authorEmail>
    <authorUrl>www.templaza.com/</authorUrl>
    <version>1.0.0</version>
    <description>PLG_MEDIATYPE_AUDIO_XML_DESCRIPTION</description>

    <files>
        <filename plugin="audio">audio.php</filename>
        <filename>controller.php</filename>
        <filename>index.html</filename>
        <folder>admin</folder>
        <folder>language</folder>
        <folder>models</folder>
        <folder>modules</folder>
        <folder>tmpl</folder>
        <folder>views</folder>
    </files>

    <config>
        <fields name="params" addfieldpath="administrator/components/com_tz_portfolio_plus/models/fields">
            <!-- Parameters for back-end -->
            <fieldset name="basic">
                <field type="text" name="soundcloud_client_id"
                        label="PLG_MEDIATYPE_AUDIO_SOUNDCLOUD_CLIENT_ID_LABEL"
                        description="PLG_MEDIATYPE_AUDIO_SOUNDCLOUD_CLIENT_ID_DESC"/>
                <field type="text" name="audio_thumbnail_file_size"
                       default="10"
                       label="PLG_MEDIATYPE_AUDIO_THUMBNAIL_FILE_SIZE_LABEL"
                       description="PLG_MEDIATYPE_AUDIO_THUMBNAIL_FILE_SIZE_DESC"/>
                <field type="text" name="audio_thumbnail_file_type"
                       default="bmp,gif,jpg,jpeg,png,BMP,GIF,JPG,JPEG,PNG"
                       label="PLG_MEDIATYPE_AUDIO_THUMBNAIL_FILE_TYPES_LABEL"
                       description="PLG_MEDIATYPE_AUDIO_THUMBNAIL_FILE_TYPES_DESC"/>
                <field type="text" name="audio_thumbnail_mime_type"
                       default="image/jpeg,image/gif,image/png,image/bmp"
                       label="PLG_MEDIATYPE_AUDIO_THUMBNAIL_LEGAL_MIME_TYPE_LABEL"
                       description="PLG_MEDIATYPE_AUDIO_THUMBNAIL_LEGAL_MIME_TYPE_DESC"/>
                <field type="tzmultiplefield" name="audio_thumbnail_size"
                       default='{"title":"XSmall","width":"100","image_name_prefix":"xs"},{"title":"Small","width":"200","image_name_prefix":"s"},{"title":"Medium","width":"400","image_name_prefix":"m"},{"title":"Large","width":"600","image_name_prefix":"l"},{"title":"XLarge","width":"900","image_name_prefix":"xl"}'
                       label="PLG_MEDIATYPE_AUDIO_THUMBNAIL_SIZE_LABEL">
                    <field type="text" name="title" table_required="true"
                           field_required="true"
                           label="PLG_MEDIATYPE_AUDIO_TITLE_LABEL"/>
                    <field type="text" name="width" table_required="true"
                           field_required="true"
                           label="PLG_MEDIATYPE_AUDIO_WIDTH_LABEL"/>
                    <field type="text" name="image_name_prefix" table_required="true"
                           field_required="true" value_validate="o"
                           label="PLG_MEDIATYPE_AUDIO_NAME_PREFIX"/>
                </field>
            </fieldset>
            <!-- End parameters for back-end -->

            <!-- Front-end parameters -->
            <fieldset name="front_end"
                      label="PLG_MEDIATYPE_AUDIO_FRONT_END_FIELDSET_LABEL"
                      description="PLG_MEDIATYPE_AUDIO_CONFIG_SETTINGS_DESC">
                <field type="radio" name="mt_audio_switcher"
                        default="thumbnail" class="btn-group"
                        label="PLG_MEDIATYPE_AUDIO_SWITCHER_LABEL">
                    <option value="thumbnail">PLG_MEDIATYPE_AUDIO_THUMBNAIL_LABEL</option>
                    <option value="audio">PLG_MEDIATYPE_AUDIO_TITLE</option>
                </field>
                <field type="tzimagesizelist" addon="audio"
                       addon_group="mediatype"
                       param_name="audio_thumbnail_size"
                       param_text="title"
                       param_value="image_name_prefix"
                       name="mt_audio_thumbnail_size"
                       label="PLG_MEDIATYPE_AUDIO_SIZE_LABEL">
                    <option value="o">PLG_MEDIATYPE_AUDIO_ORIGINAL</option>
                </field>
                <field type="radio" name="mt_audio_show_feed_image"
                       class="btn-group" default="1"
                       label="PLG_MEDIATYPE_AUDIO_SHOW_FEED_THUMBNAIL_LABEL">
                    <option value="0">JHIDE</option>
                    <option value="1">JSHOW</option>
                </field>
                <field type="tzimagesizelist" name="mt_audio_feed_size"
                       addon="audio"
                       addon_group="mediatype"
                       param_name="audio_thumbnail_size"
                       param_text="title"
                       param_value="image_name_prefix"
                       label="PLG_MEDIATYPE_AUDIO_FEED_SIZE_LABEL">
                    <option value="o">PLG_MEDIATYPE_AUDIO_ORIGINAL</option>
                </field>

                <!-- Start Soundcloud options -->
                <field type="spacer" name="spacer_soundcloud" hr="true"/>
                <field type="spacer" name="spacer_soundcloud_name"
                       class="alert alert-warning btn-block"
                       label="PLG_MEDIATYPE_AUDIO_SOUNDCLOUD_OPTIONS_LABEL"/>

                <field type="radio" name="mt_audio_show_soundcloud_artwork"
                        default="1" class="btn-group"
                        label="PLG_MEDIATYPE_AUDIO_SHOW_SOUNDCLOUD_ARTWORK_LABEL">
                    <option value="0">JHIDE</option>
                    <option value="1">JSHOW</option>
                </field>
                <field type="radio" name="mt_audio_soundcloud_auto_play"
                        default="0" class="btn-group"
                        label="PLG_MEDIATYPE_AUDIO_SOUNDCLOUD_AUTO_PLAY_LABEL"
                        description="PLG_MEDIATYPE_AUDIO_SOUNDCLOUD_AUTO_PLAY_DESC">
                    <option value="0">JNO</option>
                    <option value="1">JYES</option>
                </field>
                <field type="radio" name="mt_audio_show_soundcloud_sharing"
                        default="1" class="btn-group"
                        label="PLG_MEDIATYPE_AUDIO_SHOW_SOUNDCLOUD_SHARING_LABEL">
                    <option value="0">JHIDE</option>
                    <option value="1">JSHOW</option>
                </field>
                <field type="radio" name="mt_audio_show_soundcloud_buying"
                        default="1" class="btn-group"
                        label="PLG_MEDIATYPE_AUDIO_SHOW_SOUNDCLOUD_BUYING_LABEL">
                    <option value="0">JHIDE</option>
                    <option value="1">JSHOW</option>
                </field>
                <field type="radio" name="mt_audio_show_soundcloud_download"
                        default="1" class="btn-group"
                        label="PLG_MEDIATYPE_AUDIO_SHOW_SOUNDCLOUD_DOWNLOAD_LABEL">
                    <option value="0">JHIDE</option>
                    <option value="1">JSHOW</option>
                </field>
                <field type="radio" name="mt_audio_show_soundcloud_user"
                        default="1" class="btn-group"
                        label="PLG_MEDIATYPE_AUDIO_SHOW_SOUNDCLOUD_USER_LABEL">
                    <option value="0">JHIDE</option>
                    <option value="1">JSHOW</option>
                </field>
                <field type="radio" name="mt_audio_show_soundcloud_playcount"
                        default="1" class="btn-group"
                        label="PLG_MEDIATYPE_AUDIO_SHOW_SOUNDCLOUD_PLAYCOUNT_LABEL">
                    <option value="0">JHIDE</option>
                    <option value="1">JSHOW</option>
                </field>
                <field type="radio" name="mt_audio_show_soundcloud_comments"
                        default="1" class="btn-group"
                        label="PLG_MEDIATYPE_AUDIO_SHOW_SOUNDCLOUD_COMMENTS_LABEL">
                    <option value="0">JHIDE</option>
                    <option value="1">JSHOW</option>
                </field>
                <field type="color" name="mt_audio_soundcloud_color"
                       label="PLG_MEDIATYPE_AUDIO_SOUNDCLOUD_COLOR_LABEL"
                        description="PLG_MEDIATYPE_AUDIO_SOUNDCLOUD_COLOR_DESC"/>
                <field type="color" name="mt_audio_soundcloud_theme_color"
                       label="PLG_MEDIATYPE_AUDIO_SOUNDCLOUD_THEME_COLOR_LABEL"
                        description="PLG_MEDIATYPE_AUDIO_SOUNDCLOUD_THEME_COLOR_DESC"/>
                <field type="text" name="mt_audio_soundcloud_width"
                       default="100%"
                       label="PLG_MEDIATYPE_AUDIO_SOUNDCLOUD_WIDTH_LABEL"/>
                <field type="text" name="mt_audio_soundcloud_height"
                       label="PLG_MEDIATYPE_AUDIO_SOUNDCLOUD_HEIGHT_LABEL"/>
                <!-- End Soundcloud options -->

                <!-- Start related options -->
                <field type="spacer" name="spacer_audio_related" hr="true"/>
                <field type="spacer" name="spacer_audio_related_name"
                       class="alert alert-warning btn-block"
                       label="PLG_MEDIATYPE_AUDIO_RELATED_OPTIONS_LABEL"/>
                <field type="radio" name="mt_audio_related_show_thumbnail"
                       class="btn-group" default="1"
                       label="PLG_MEDIATYPE_AUDIO_RELATED_SHOW_THUMBNAIL_LABEL">
                    <option value="0">JHIDE</option>
                    <option value="1">JSHOW</option>
                </field>
                <field type="tzimagesizelist" addon="audio"
                       addon_group="mediatype"
                       param_name="audio_thumbnail_size"
                       param_text="title"
                       param_value="image_name_prefix"
                       name="mt_audio_related_thumb_size"
                       label="PLG_MEDIATYPE_AUDIO_RELATED_THUMBNAIL_SIZE_LABEL">
                    <option value="o">PLG_MEDIATYPE_AUDIO_ORIGINAL</option>
                </field>
                <!-- End related options -->
            </fieldset>
            <!-- End front-end parameters -->
        </fields>
    </config>
</extension>