<?xml version="1.0" encoding="utf-8"?>
<metadata>
	<layout title="COM_TZ_PORTFOLIO_CATEGORIES_VIEW_DEFAULT_TITLE" option="JDEFAULT">
		<help
			key = "JHELP_MENUS_MENU_ITEM_ARTICLE_CATEGORIES"
		/>
		<message>
			<![CDATA[COM_TZ_PORTFOLIO_CATEGORIES_VIEW_DEFAULT_DESC]]>
		</message>
	</layout>

	<!-- Add fields to the request variables for the layout. -->
	<fields name="request">
		<fieldset name="request"
		 >
			<field name="id" type="tzcategory"
				description="JGLOBAL_FIELD_CATEGORIES_CHOOSE_CATEGORY_DESC"
				label="JGLOBAL_FIELD_CATEGORIES_CHOOSE_CATEGORY_LABEL"
				show_root="true"
				required="true"
			/>
		</fieldset>
	</fields>

	<!-- Add fields to the parameters object for the layout. -->
<fields name="params">
	<fieldset name="request" addfieldprefix="TemPlaza\Component\TZ_Portfolio\Administrator\Field">
		<field type="stylelayout" name="tz_template_style_id"
			   default="0"
			   label="COM_TZ_PORTFOLIO_TEMPLATE_STYLE_LABEL"
			   description="COM_TZ_PORTFOLIO_TEMPLATE_STYLE_DESC">
			<option value="0">JOPTION_USE_DEFAULT</option>
		</field>
	</fieldset>
	<fieldset name="basic" label="JGLOBAL_CATEGORIES_OPTIONS">

			<field name="show_base_description" type="list"
				label="JGLOBAL_FIELD_SHOW_BASE_DESCRIPTION_LABEL"
				description="JGLOBAL_FIELD_SHOW_BASE_DESCRIPTION_DESC"
			>
				<option value="">JGLOBAL_USE_GLOBAL</option>
				<option value="0">JHIDE</option>
				<option value="1">JSHOW</option>
			</field>

			<field name="show_description_image" type="list"
				   description="JGLOBAL_SHOW_CATEGORY_IMAGE_DESC"
				   label="JGLOBAL_SHOW_CATEGORY_IMAGE_LABEL"
					>
				<option value="">JGLOBAL_USE_GLOBAL</option>
				<option value="0">JHIDE</option>
				<option value="1">JSHOW</option>
			</field>

			<field name="categories_description" type="textarea"
				description="JGLOBAL_FIELD_CATEGORIES_DESC_DESC"
				label="JGLOBAL_FIELD_CATEGORIES_DESC_LABEL"
				cols="25"
				rows="5"
			/>
			<field name="maxLevelcat" type="list"
				description="JGLOBAL_MAXIMUM_CATEGORY_LEVELS_DESC"
				label="JGLOBAL_MAXIMUM_CATEGORY_LEVELS_LABEL"
			>
				<option value="">JGLOBAL_USE_GLOBAL</option>
				<option value="-1">JALL</option>
				<option value="1">J1</option>
				<option value="2">J2</option>
				<option value="3">J3</option>
				<option value="4">J4</option>
				<option value="5">J5</option>
			</field>

			<field name="show_empty_categories_cat" type="list"

				label="JGLOBAL_SHOW_EMPTY_CATEGORIES_LABEL"
				description="COM_TZ_PORTFOLIO_SHOW_EMPTY_CATEGORIES_DESC"
			>
				<option value="">JGLOBAL_USE_GLOBAL</option>
				<option value="0">JHIDE</option>
				<option value="1">JSHOW</option>
			</field>

			<field name="show_subcat_desc_cat" type="list"

			label="JGLOBAL_SHOW_SUBCATEGORIES_DESCRIPTION_LABEL"
			description="JGLOBAL_SHOW_SUBCATEGORIES_DESCRIPTION_DESC"

			>
				<option value="">JGLOBAL_USE_GLOBAL</option>
				<option value="0">JHIDE</option>
				<option value="1">JSHOW</option>
			</field>

			<field name="show_cat_num_articles_cat" type="list"
				label="COM_TZ_PORTFOLIO_NUMBER_CATEGORY_ITEMS_LABEL"
				description="COM_TZ_PORTFOLIO_NUMBER_CATEGORY_ITEMS_DESC"
			>
				<option value="">JGLOBAL_USE_GLOBAL</option>
				<option value="0">JHIDE</option>
				<option value="1">JSHOW</option>
			</field>
		<field name="enable_lazyload" type="list"
			   label="COM_TZ_PORTFOLIO_ENABLE_LAZYLOAD">
			<option value="">JGLOBAL_USE_GLOBAL</option>
			<option value="0">JNO</option>
			<option value="1">JYES</option>
		</field>

	</fieldset>
</fields>
</metadata>
