<?xml version="1.0" encoding="utf-8"?>
<extension version="3.0" type="tz_portfolio_plus-plugin" group="mediatype" method="upgrade">
    <name>plg_mediatype_link</name>
    <author>DuongTVTemPlaza</author>
    <creationDate>September 17th 2015</creationDate>
    <copyright>Copyright (C) 2015 TemPlaza. All rights reserved.</copyright>
    <license>GNU/GPL v2 or later http://www.gnu.org/licenses/gpl-2.0.html</license>
    <authorEmail>support@templaza.com</authorEmail>
    <authorUrl>www.templaza.com/</authorUrl>
    <version>1.0.0</version>
    <description>PLG_MEDIATYPE_LINK_XML_DESCRIPTION</description>

    <files>
        <filename plugin="link">link.php</filename>
        <filename>index.html</filename>
        <folder>admin</folder>
        <folder>css</folder>
        <folder>language</folder>
        <folder>models</folder>
        <folder>modules</folder>
        <folder>tmpl</folder>
        <folder>views</folder>
    </files>

    <config>
        <fields name="params">
        </fields>
    </config>
</extension>