<?xml version="1.0" encoding="utf-8"?>
<metadata>
	<layout title="COM_TZ_PORTFOLIO_ARTICLE_VIEW_DEFAULT_TITLE" option="COM_TZ_PORTFOLIO_VIEW_DEFAULT_OPTION">
		<help
			key = "JHELP_MENUS_MENU_ITEM_ARTICLE_SINGLE_ARTICLE"
		/>
		<message>
			<![CDATA[COM_TZ_PORTFOLIO_ARTICLE_VIEW_DEFAULT_DESC]]>
		</message>
	</layout>

	<!-- Add fields to the request variables for the layout. -->
	<fields name="request">
		<fieldset name="request" addfieldprefix="TemPlaza\Component\TZ_Portfolio\Administrator\Field">

			<field name="id" type="modal_article"
				   required="true"
				   label="COM_TZ_PORTFOLIO_FIELD_SELECT_ARTICLE_LABEL"
				   description="COM_TZ_PORTFOLIO_FIELD_SELECT_ARTICLE_DESC"/>
		</fieldset>
	</fields>

	<!-- Add fields to the parameters object for the layout. -->
	<fields name="params">
        <fieldset name="request" addfieldprefix="TemPlaza\Component\TZ_Portfolio\Administrator\Field">
            <field type="stylelayout" name="tz_template_style_id"
                   default="0"
                   label="COM_TZ_PORTFOLIO_TEMPLATE_STYLE_LABEL"
                   description="COM_TZ_PORTFOLIO_TEMPLATE_STYLE_DESC">
                <option value="0">JOPTION_USE_DEFAULT</option>
            </field>
        </fieldset>
		<fieldset name="basic">
			<field name="enable_lazyload" type="list"
				   label="COM_TZ_PORTFOLIO_ENABLE_LAZYLOAD">
				<option value="">JGLOBAL_USE_GLOBAL</option>
				<option value="0">JNO</option>
				<option value="1">JYES</option>
			</field>
		</fieldset>
	</fields>
</metadata>
